{
  "erf": {
    "function": "erf",
    "domain": [
      0,
      6
    ],
    "aaa_degree": [
      11,
      11
    ],
    "numerator_degree": 11,
    "denominator_degree": 11,
    "p_coefficients": [
      0.0,
      8.182660628881536,
      -7.575524119764395,
      4.411568101671946,
      -1.2715318678092444,
      0.27031161096238066,
      -0.037311363656044705,
      0.026937413888845185,
      -0.013473378602157027,
      0.005082854171718054,
      -0.000991705993502734,
      0.00011966030296994834
    ],
    "q_coefficients": [
      7.251694147648693,
      -6.71363250454084,
      6.326868441483839,
      -3.364643610555504,
      1.6228869861915882,
      -0.4818509551732859,
      0.10181183534768934,
      0.008640759249828989,
      -0.01179873743922144,
      0.004981411713544048,
      -0.0009880524456349349,
      0.00011960117177833851
    ],
    "p_coefficients_normalized": [
      0.0,
      1.1283791707534578,
      -1.0446557680898196,
      0.6083499954424255,
      -0.175342732597393,
      0.037275649725247606,
      -0.005145192681373998,
      0.0037146373440997147,
      -0.0018579628880963863,
      0.0007009195462781799,
      -0.0001367550772703627,
      1.650101349196412e-05
    ],
    "q_coefficients_normalized": [
      1.0,
      -0.9258019392223932,
      0.8724676348264465,
      -0.46398035301122903,
      0.22379418562734021,
      -0.06644667375133609,
      0.014039731030396678,
      0.0011915504258588581,
      -0.0016270318630367349,
      0.0006869307519208092,
      -0.0001362512573638125,
      1.649285937095379e-05
    ],
    "normalization_scale": 7.251694147648693,
    "max_error_vs_true": 5.673994607491295e-11,
    "mean_error_vs_true": 2.5397083036745803e-11,
    "conversion_max_diff": 5.0336512735782435e-11,
    "barycentric": {
      "nodes": [
        0.0,
        5.921921921921922,
        0.24024024024024024,
        1.1891891891891893,
        2.21021021021021,
        3.165165165165165,
        0.4984984984984985,
        4.402402402402402,
        1.5555555555555556,
        6.0,
        2.6966966966966965,
        1.8918918918918919
      ],
      "weights": [
        -0.005863154662183588,
        -0.27743437080207345,
        0.02417925870859248,
        0.11075662501530036,
        -0.5255081807259568,
        -0.14068649246427856,
        -0.03362721747777413,
        0.04398982513321125,
        -0.33857101212450635,
        0.25734025449977577,
        0.30460870247769367,
        0.5809353635939777
      ],
      "values": [
        0.0,
        1.0,
        0.2659559531300358,
        0.9073860628818586,
        0.9982262317570111,
        0.9999924023627311,
        0.5191793943373813,
        0.9999999995213141,
        0.9721851409151233,
        1.0,
        0.9998631011555121,
        0.9925390846227805
      ]
    }
  },
  "erfc": {
    "function": "erfc",
    "domain": [
      0,
      6
    ],
    "aaa_degree": [
      11,
      11
    ],
    "numerator_degree": 11,
    "denominator_degree": 11,
    "p_coefficients": [
      -7.25169413378707,
      14.896294615263454,
      -13.902395973447085,
      7.776215209350468,
      -2.8944209679625885,
      0.7521634019426813,
      -0.1391234249591946,
      0.018296696943870927,
      -0.001674646579004957,
      0.00010144291197500266,
      -3.6535703315243584e-06,
      5.91316907418149e-08
    ],
    "q_coefficients": [
      -7.25169413378707,
      6.713634002023127,
      -6.3268701639563005,
      3.3646451588883792,
      -1.6228879164882528,
      0.4818513915051881,
      -0.10181198448481155,
      -0.008640726403427834,
      0.011798735373758973,
      -0.004981413401054624,
      0.0009880530480081973,
      -0.00011960126567844842
    ],
    "p_coefficients_normalized": [
      1.0,
      -2.054181318246544,
      1.917123877119015,
      -1.072330832752522,
      0.39913721050049694,
      -0.10372243893164274,
      0.01918495490743207,
      -0.0025230927568529148,
      0.0002309317723706036,
      -1.3988856962728223e-05,
      5.038230052342742e-07,
      -8.154189855624042e-09
    ],
    "q_coefficients_normalized": [
      1.0,
      -0.9258021474930921,
      0.8724678740210743,
      -0.4639805674113909,
      0.22379431434192718,
      -0.06644673404799957,
      0.014039751623065495,
      0.001191545898656838,
      -0.0016270315813219898,
      0.0006869309859395805,
      -0.00013625134069081372,
      1.649287235119344e-05
    ],
    "normalization_scale": -7.25169413378707,
    "max_error_vs_true": 4.4125703091424384e-11,
    "mean_error_vs_true": 5.031256056439228e-12,
    "conversion_max_diff": 3.974904710666046e-12,
    "barycentric": {
      "nodes": [
        0.0,
        5.921921921921922,
        0.24024024024024024,
        1.1891891891891893,
        2.21021021021021,
        3.165165165165165,
        0.4984984984984985,
        4.402402402402402,
        1.5555555555555556,
        6.0,
        2.6966966966966965,
        1.8918918918918919
      ],
      "weights": [
        0.00586315465097616,
        0.27743456445813586,
        -0.02417925752080713,
        -0.11075660676104582,
        0.5255081228163303,
        0.1406865095807714,
        0.03362721435467275,
        -0.04398984564690527,
        0.33857095460266284,
        -0.25734043594844824,
        -0.3046086997881545,
        -0.5809352760638666
      ],
      "values": [
        1.0,
        5.528848033273227e-17,
        0.7340440468699643,
        0.09261393711814137,
        0.0017737682429889313,
        7.597637268826912e-06,
        0.48082060566261875,
        4.786858405683274e-10,
        0.02781485908487668,
        2.151973671249891e-17,
        0.00013689884448783417,
        0.007460915377219457
      ]
    }
  },
  "phi": {
    "function": "phi",
    "domain": [
      0,
      6
    ],
    "aaa_degree": [
      11,
      11
    ],
    "numerator_degree": 11,
    "denominator_degree": 11,
    "p_coefficients": [
      6.1948002262911155,
      2.3269628831533566,
      0.09936056027618179,
      0.22656501611891144,
      0.09815725902808481,
      0.006957330639124848,
      0.0041314137597510125,
      0.0011118715437987703,
      -5.8558201089908835e-05,
      0.00012293253740836008,
      -1.750689887458634e-05,
      3.443483972187522e-06
    ],
    "q_coefficients": [
      12.389600452582231,
      -5.231545149628175,
      4.372890235930754,
      -1.3883532465079043,
      0.6083664690013393,
      -0.13712339528865414,
      0.03741733363131061,
      -0.0045682165491598425,
      0.0006116005949934333,
      7.153166086482088e-05,
      -1.520119689502053e-05,
      3.397511626146432e-06
    ],
    "p_coefficients_normalized": [
      0.5,
      0.18781581311351916,
      0.008019674295103934,
      0.018286708839887644,
      0.007922552418357199,
      0.0005615460051155085,
      0.0003334581914536192,
      8.974232446430787e-05,
      -4.7263994762401054e-06,
      9.922235820182447e-06,
      -1.4130317552683925e-06,
      2.779334156389066e-07
    ],
    "q_coefficients_normalized": [
      1.0,
      -0.42225293460030994,
      0.35294844677734216,
      -0.11205795149096553,
      0.04910299337978603,
      -0.011067620446152077,
      0.0030200597488607567,
      -0.0003687137907831191,
      4.9364028915554254e-05,
      5.7735244278932586e-06,
      -1.2269319703406826e-06,
      2.7422285643104216e-07
    ],
    "normalization_scale": 12.389600452582231,
    "max_error_vs_true": 2.0393375876892605e-10,
    "mean_error_vs_true": 8.946657118480416e-11,
    "conversion_max_diff": 2.0390977795159415e-10,
    "barycentric": {
      "nodes": [
        0.0,
        6.0,
        0.34234234234234234,
        1.6096096096096095,
        2.894894894894895,
        3.93993993993994,
        0.6846846846846847,
        4.972972972972973,
        2.4024024024024024,
        0.16216216216216217,
        5.4474474474474475,
        2.3123123123123124
      ],