{
  "erf": {
    "function": "erf",
    "domain": [
      0,
      6
    ],
    "aaa_degree": [
      15,
      15
    ],
    "numerator_degree": 15,
    "denominator_degree": 15,
    "p_coefficients": [
      0.0,
      66.20677230394868,
      -51.83178362450326,
      30.95957861044917,
      -11.566526022274047,
      5.788253723861999,
      -2.450959990004776,
      0.9455414097465109,
      -0.23209749958186876,
      0.045163332935771905,
      -0.005250093519862276,
      0.001053873696946539,
      -0.00025824842623478617,
      8.562641615128541e-05,
      -1.3545216613231048e-05,
      1.6067887445847528e-06
    ],
    "q_coefficients": [
      58.67422426307567,
      -45.93472224202199,
      46.99528691336582,
      -25.562140794132574,
      14.92737885582028,
      -6.0993445384228835,
      2.5112200825824402,
      -0.7762366507085972,
      0.23157275213452522,
      -0.04929059044661699,
      0.009128868714469718,
      -0.0005570643052124069,
      -0.00012913015791582438,
      7.860865373743309e-05,
      -1.3313148144789011e-05,
      1.6032591257791884e-06
    ],
    "p_coefficients_normalized": [
      0.0,
      1.1283791670955814,
      -0.883382512090945,
      0.5276521163984501,
      -0.19713129858204173,
      0.09865070730052429,
      -0.041772345877390524,
      0.016115107129614843,
      -0.0039556977957002195,
      0.0007697303799582346,
      -8.947870356704855e-05,
      1.79614423570616e-05,
      -4.401394811406219e-06,
      1.459353186628682e-06,
      -2.3085463477964037e-07,
      2.738491671198664e-08
    ],
    "q_coefficients_normalized": [
      1.0,
      -0.7828773676847606,
      0.8009528460513531,
      -0.4356621858266153,
      0.2544111838426851,
      -0.10395270862168463,
      0.04279937424179596,
      -0.013229602273533446,
      0.00394675438905217,
      -0.000840072298623232,
      0.0001555856737626204,
      -9.49419122636741e-06,
      -2.200798724442402e-06,
      1.3397476442974018e-06,
      -2.26899431769175e-07,
      2.732476050455663e-08
    ],
    "normalization_scale": 58.67422426307567,
    "max_error_vs_true": 9.952388357881148e-09,
    "mean_error_vs_true": 3.846400803035697e-09,
    "conversion_max_diff": 9.952387025613518e-09,
    "aaa_tolerance": 1e-13,
    "n_samples": 2000,
    "precision": "mpmath_50",
    "barycentric": {
      "nodes": [
        0.0,
        5.921960980490245,
        0.23711855927963982,
        1.1855927963981991,
        2.209104552276138,
        3.1665832916458228,
        0.49524762381190596,
        4.400200100050025,
        1.5547773886943472,
        6.0,
        2.6953476738369186,
        1.8789394697348674,
        0.10505252626313157,
        5.375687843921961,
        0.8914457228614308,
        3.7728864432216107
      ],
      "weights": [
        -0.025764544621667253,
        -0.23075319619414608,
        -0.13125436351481476,
        0.3125496308366842,
        -0.39809744994983476,
        -0.17744809192329591,
        0.11995021921826143,
        -0.07516306251976622,
        -0.43354403778591377,
        0.18170152765446304,
        0.25040886493547987,
        0.519082649295522,
        0.09668877154755931,
        0.07536531954838381,
        -0.19919233582604734,
        0.11547170255825837
      ],
      "values": [
        0.0,
        1.0,
        0.2626285728610182,
        0.9063952026876506,
        0.9982167781795205,
        0.9999924733764427,
        0.5163136645369599,
        0.9999999995117108,
        0.9721069478743453,
        1.0,
        0.9998620399723579,
        0.9921212384117551,
        0.11810445495112296,
        0.9999999999999709,
        0.792581111053397,
        0.9999999048061259
      ]
    }
  },
  "erfc": {
    "function": "erfc",
    "domain": [
      0,
      6
    ],
    "aaa_degree": [
      15,
      15
    ],
    "numerator_degree": 15,
    "denominator_degree": 15,
    "p_coefficients": [
      -58.99954280306298,
      112.7641135776592,
      -99.37369376176677,
      56.828667927421876,
      -26.631945681494095,
      11.946637129679825,
      -4.9861604302341265,
      1.7300362571444576,
      -0.46589643041504775,
      0.0949089978165908,
      -0.01444850967174875,
      0.0016187599101626896,
      -0.00012974767723477633,
      7.052117269934727e-06,
      -2.3321003215413842e-07,
      3.5470800303787797e-09
    ],
    "q_coefficients": [
      -58.99954280306298,
      46.190258610518384,
      -47.25356822261551,
      25.70001095619773,
      -15.005963814015558,
      6.130147942662006,
      -2.5234650268102996,
      0.7798322588496376,
      -0.23263689053419512,
      0.04952454307931475,
      -0.009182825411699014,
      0.0005656829889630899,
      0.0001276440748370078,
      -7.852309519762457e-05,
      1.3312678231791608e-05,
      -1.6068835820004512e-06
    ],
    "p_coefficients_normalized": [
      1.0,
      -1.9112709729643027,
      1.6843129461777415,
      -0.9632052254559437,
      0.4513924077410222,
      -0.2024869441710252,
      0.084511848623601,
      -0.029322875652091362,
      0.007896610859683824,
      -0.0016086395471468565,
      0.00024489189212833443,
      -2.7436821257514068e-05,
      2.1991302147521123e-06,
      -1.195283375919417e-07,
      3.9527430395957445e-09,
      -6.012046639443843e-11
    ],
    "q_coefficients_normalized": [
      1.0,
      -0.7828918058687127,
      0.800914142340817,
      -0.43559678152054265,
      0.2543403406379705,
      -0.1039016177315828,
      0.042770925110953456,
      -0.01321759833720529,
      0.003943028699573545,
      -0.0008394055398806187,
      0.0001556423147608236,
      -9.587921568329886e-06,
      -2.1634756605331034e-06,
      1.3309102319611198e-06,
      -2.2564036260803833e-07,
      2.7235525999991805e-08
    ],
    "normalization_scale": -58.99954280306298,
    "max_error_vs_true": 7.724478103388005e-10,
    "mean_error_vs_true": 3.1855268476208514e-10,
    "conversion_max_diff": 7.72447037534315e-10,
    "aaa_tolerance": 1e-13,
    "n_samples": 2000,
    "precision": "mpmath_50",
    "barycentric": {
      "nodes": [
        0.0,
        5.921960980490245,
        0.23711855927963982,
        1.1855927963981991,
        2.209104552276138,
        3.1665832916458228,
        0.49524762381190596,
        4.400200100050025,
        1.5547773886943472,
        6.0,
        2.6953476738369186,
        1.8789394697348674,
        0.10505252626313157,
        5.375687843921961,
        0.8914457228614308,
        3.7848924462231115
      ],
      "weights": [
        0.025825215355050554,
        0.2332142782605331,
        0.13153470464710684,
        -0.31281797222485974,
        0.3972326297195945,
        0.1749561471415981,
        -0.12017323766453288,
        0.07704093172760983,
        0.4335791067350041,
        -0.18359953761283643,
        -0.2490085404790354,
        -0.5186446187339072,
        -0.09690745499538199,
        -0.07632592924077797,
        0.19945940957151112,
        -0.11536673909025859
      ],
      "values": [
        1.0,
        5.526255474663407e-17,
        0.7373714271389817,
        0.09360479731234937,
        0.0017832218204795486,
        7.526623557334721e-06,
        0.48368633546304013,
        4.882892094518525e-10,
        0.027893052125654752,
        2.1519736712498913e-17,
        0.00013796002764211263,
        0.007878761588244807,
        0.881895545048877,
        2.907545291328328e-14,
        0.20741888894660296,
        8.66772063700651e-08
      ]
    }
  },
  "phi": {
    "function": "phi",
    "domain": [
      0,
      6
    ],
    "aaa_degree": [
      12,
      12
    ],
    "numerator_degree": 12,
    "denominator_degree": 12,