{
  "pdf": {
    "region": "full",
    "domain": [
      -6.0,
      6.0
    ],
    "degree": [
      20,
      20
    ],
    "max_error": 7.61011444269816e-15,
    "mean_error": 1.0113212726345225e-15,
    "p99_error": 6.815294856243881e-15,
    "nodes": [
      -0.0006265664160401141,
      -6.0,
      0.14974937343358397,
      2.2481240620310157,
      -4.499249624812406,
      -1.355444305381727,
      3.796898449224612,
      5.795897948974487,
      0.7893946973486745,
      -2.7221526908635796,
      -5.465732866433217,
      4.463231615807905,
      -0.6693346673336666,
      -3.7008504252126064,
      6.0,
      2.7897371714643304,
      5.159579789894947,
      -2.0680340170085043,
      -4.889444722361181,
      1.5937968984492246,
      3.316658329164582
    ],
    "weights": [
      0.4647314470251781,
      -0.003041424789012259,
      -0.4913897457256405,
      0.2254262152111001,
      0.03431814577418749,
      0.04267776360688203,
      -0.32066200155695984,
      0.09090276150565485,
      0.13357062314893847,
      0.019059369653211707,
      0.013901616758719967,
      0.17372613324135355,
      -0.08407183521197188,
      -0.016640234429462993,
      -0.04824094095841942,
      -0.34645295928501796,
      -0.10760116425940622,
      -0.02860718675315161,
      -0.03516868753346111,
      -0.12797284363206474,
      0.41153072637596827
    ],
    "values": [
      0.3989422020919683,
      6.075882849823285e-09,
      0.3944941488468729,
      0.03187384752147906,
      1.6037799930204666e-05,
      0.1592065018402781,
      0.0002954067168225388,
      2.0249108872306812e-08,
      0.29214339242349185,
      0.009813501185917917,
      1.2995775292482475e-07,
      1.8847000877355942e-05,
      0.31887918394428094,
      0.0004234456158305075,
      6.075882849823285e-09,
      0.008145780009050774,
      6.609614382155542e-07,
      0.04701348135992607,
      2.568281962410591e-06,
      0.11202504574565039,
      0.0016302045692790606
    ]
  },
  "config": {
    "n_samples": 2000,
    "aaa_tolerance": 1e-13,
    "max_z": 6.0,
    "precision": "mpmath_50"
  }
}