{
  "central": {
    "region": "central",
    "domain": [
      0.02,
      0.98
    ],
    "degree": [
      18,
      18
    ],
    "max_error": 3.970608564163314e-14,
    "verify_error": 3.9821444752785595e-14,
    "nodes": [
      0.02,
      0.98,
      0.15062531265632814,
      0.5986893446723361,
      0.8498549274637318,
      0.07330665332666333,
      0.9411005502751376,
      0.04113056528264132,
      0.964152076038019,
      0.2678039019509755,
      0.4008304152076038,
      0.027683841920960482,
      0.9732766383191596,
      0.7110655327663832,
      0.9214107053526763,
      0.02384192096048024,
      0.09875937968984493,
      0.97951975987994,
      0.8008704352176088
    ],
    "weights": [
      -0.008305548132794615,
      -0.34804856717258825,
      -0.0810519055274814,
      0.14885285099442264,
      -0.3478691162717251,
      -0.08729205483749693,
      -0.2869223206615774,
      0.04152730596469108,
      0.20327412457615937,
      0.06934042989106026,
      -0.07869664888008655,
      -0.05475821181653296,
      -0.19268419858289218,
      -0.2820879047038927,
      0.2894378598130058,
      0.042534531536725664,
      0.11711336851968573,
      0.42986116568522686,
      0.4257750233002963
    ],
    "values": [
      -2.053748910631823,
      2.053748910631823,
      -1.0337551890266956,
      0.2499560839990729,
      1.0358113850729354,
      -1.4515983901279792,
      1.5640795005776809,
      -1.7377145108337677,
      1.801044616707608,
      -0.6194684441699221,
      -0.25119825915747795,
      -1.915979667024928,
      1.9312938511667708,
      0.556500234075735,
      1.4146246097672472,
      -1.980175232079787,
      -1.28865297009377,
      2.0439298249081004,
      0.8447344335761962
    ]
  },
  "lower_tail": {
    "region": "lower_tail",
    "p_domain": [
      1e-10,
      0.02
    ],
    "t_domain": [
      2.797149622536537,
      6.786140424415112
    ],
    "degree": [
      5,
      5
    ],
    "max_error": 2.0339285811132868e-13,
    "transform": "sqrt(-2*ln(p))",
    "nodes": [
      2.797149622536537,
      6.786140424415112,
      3.5503370847972713,
      4.822511942302386,
      5.637876657383232,
      3.187020480701932
    ],
    "weights": [
      -0.12337840019831314,
      0.07204797927277826,
      -0.6075865565379139,
      0.44915999903826176,
      -0.3348269419699515,
      0.5445839233365359
    ],
    "values": [
      -2.053748910631823,
      -6.361340902404057,
      -2.9057590274702094,
      -4.290583128711642,
      -5.157303203435789,
      -2.498902113248018
    ]
  },
  "upper_tail": {
    "region": "upper_tail",
    "method": "symmetry",
    "formula": "ppf(p) = -ppf(1-p)"
  },
  "config": {
    "n_samples": 2000,
    "aaa_tolerance": 1e-13,
    "central_bounds": [
      0.02,
      0.98
    ],
    "tail_epsilon": 1e-10,
    "precision": "mpmath_50"
  }
}