{
  "erf": {
    "function": "erf",
    "scale": 1000000000000000000,
    "domain": [
      0,
      6
    ],
    "numerator_degree": 15,
    "denominator_degree": 15,
    "p_magnitudes": [
      0,
      1128379167095581400,
      883382512090945000,
      527652116398450100,
      197131298582041730,
      98650707300524290,
      41772345877390524,
      16115107129614843,
      3955697795700220,
      769730379958235,
      89478703567049,
      17961442357062,
      4401394811406,
      1459353186629,
      230854634780,
      27384916712
    ],
    "p_signs": [
      false,
      false,
      true,
      false,
      true,
      false,
      true,
      false,
      true,
      false,
      true,
      false,
      true,
      false,
      true,
      false
    ],
    "q_magnitudes": [
      1000000000000000000,
      782877367684760600,
      800952846051353100,
      435662185826615300,
      254411183842685100,
      103952708621684630,
      42799374241795960,
      13229602273533446,
      3946754389052170,
      840072298623232,
      155585673762620,
      9494191226367,
      2200798724442,
      1339747644297,
      226899431769,
      27324760505
    ],
    "q_signs": [
      false,
      true,
      false,
      true,
      false,
      true,
      false,
      true,
      false,
      true,
      false,
      true,
      true,
      false,
      true,
      false
    ],
    "original_max_error": 9.952388357881148e-09,
    "normalization_scale": 58.67422426307567
  },
  "erfc": {
    "function": "erfc",
    "scale": 1000000000000000000,
    "domain": [
      0,
      6
    ],
    "numerator_degree": 15,
    "denominator_degree": 15,
    "p_magnitudes": [
      1000000000000000000,
      1911270972964302700,
      1684312946177741500,
      963205225455943700,
      451392407741022200,
      202486944171025200,
      84511848623601000,
      29322875652091362,
      7896610859683824,
      1608639547146856,
      244891892128334,
      27436821257514,
      2199130214752,
      119528337592,
      3952743040,
      60120466
    ],
    "p_signs": [
      false,
      true,
      false,
      true,
      false,
      true,
      false,
      true,
      false,
      true,
      false,
      true,
      false,
      true,
      false,
      true
    ],
    "q_magnitudes": [
      1000000000000000000,
      782891805868712700,
      800914142340817000,
      435596781520542650,
      254340340637970500,
      103901617731582800,
      42770925110953456,
      13217598337205290,
      3943028699573545,
      839405539880619,
      155642314760824,
      9587921568330,
      2163475660533,
      1330910231961,
      225640362608,
      27235526000
    ],
    "q_signs": [
      false,
      true,
      false,
      true,
      false,
      true,
      false,
      true,
      false,
      true,
      false,
      true,
      true,
      false,
      true,
      false
    ],
    "original_max_error": 7.724478103388005e-10,
    "normalization_scale": -58.99954280306298
  },
  "phi": {
    "function": "phi",
    "scale": 1000000000000000000,
    "domain": [
      0,
      6
    ],
    "numerator_degree": 12,
    "denominator_degree": 12,
    "p_magnitudes": [
      500000000000000000,
      202783200542711800,
      3858755025623129,
      11990724892373883,
      9821445877008875,
      428553144348960,
      75031762951910,
      152292945143770,
      11488864967923,
      4621581948805,
      2225303281381,
      261982963157,
      34576100063
    ],
    "p_signs": [
      false,
      false,
      true,
      false,
      false,
      false,
      true,
      false,
      false,
      true,
      false,
      true,
      false
    ],
    "q_magnitudes": [
      1000000000000000000,
      392318159714714800,
      305307092394795530,
      86637603680925630,
      36598917127631020,
      7691680921657243,
      2291266221525212,
      371453915370755,
      92212330692182,
      13011690648577,
      2788395097838,
      284107149822,
      34964019972
    ],
    "q_signs": [
      false,
      true,
      false,
      true,
      false,
      true,
      false,
      true,
      false,
      true,
      false,
      true,
      false
    ],
    "original_max_error": 3.3466720505970216e-09,
    "normalization_scale": 36.39024974064041
  }
}