{
  "erf": {
    "function": "erf",
    "scale": 1000000000000000000,
    "domain": [
      0,
      6
    ],
    "numerator_degree": 11,
    "denominator_degree": 11,
    "p_magnitudes": [
      0,
      1128379170753457800,
      1044655768089819600,
      608349995442425500,
      175342732597393000,
      37275649725247606,
      5145192681373998,
      3714637344099715,
      1857962888096386,
      700919546278180,
      136755077270363,
      16501013491964
    ],
    "p_signs": [
      false,
      false,
      true,
      false,
      true,
      false,
      true,
      false,
      true,
      false,
      true,
      false
    ],
    "q_magnitudes": [
      1000000000000000000,
      925801939222393200,
      872467634826446500,
      463980353011229030,
      223794185627340210,
      66446673751336090,
      14039731030396678,
      1191550425858858,
      1627031863036735,
      686930751920809,
      136251257363812,
      16492859370954
    ],
    "q_signs": [
      false,
      true,
      false,
      true,
      false,
      true,
      false,
      false,
      true,
      false,
      true,
      false
    ],
    "original_max_error": 5.673994607491295e-11,
    "normalization_scale": 7.251694147648693
  },
  "erfc": {
    "function": "erfc",
    "scale": 1000000000000000000,
    "domain": [
      0,
      6
    ],
    "numerator_degree": 11,
    "denominator_degree": 11,
    "p_magnitudes": [
      1000000000000000000,
      2054181318246544000,
      1917123877119015000,
      1072330832752522000,
      399137210500496940,
      103722438931642740,
      19184954907432070,
      2523092756852915,
      230931772370604,
      13988856962728,
      503823005234,
      8154189856
    ],
    "p_signs": [
      false,
      true,
      false,
      true,
      false,
      true,
      false,
      true,
      false,
      true,
      false,
      true
    ],
    "q_magnitudes": [
      1000000000000000000,
      925802147493092100,
      872467874021074300,
      463980567411390900,
      223794314341927180,
      66446734047999570,
      14039751623065495,
      1191545898656838,
      1627031581321990,
      686930985939580,
      136251340690814,
      16492872351193
    ],
    "q_signs": [
      false,
      true,
      false,
      true,
      false,
      true,
      false,
      false,
      true,
      false,
      true,
      false
    ],
    "original_max_error": 4.4125703091424384e-11,
    "normalization_scale": -7.25169413378707
  },
  "phi": {
    "function": "phi",
    "scale": 1000000000000000000,
    "domain": [
      0,
      6
    ],
    "numerator_degree": 11,
    "denominator_degree": 11,
    "p_magnitudes": [
      500000000000000000,
      187815813113519160,
      8019674295103934,
      18286708839887644,
      7922552418357199,
      561546005115508,
      333458191453619,
      89742324464308,
      4726399476240,
      9922235820182,
      1413031755268,
      277933415639
    ],
    "p_signs": [
      false,
      false,
      false,
      false,
      false,
      false,
      false,
      false,
      true,
      false,
      true,
      false
    ],
    "q_magnitudes": [
      1000000000000000000,
      422252934600309940,
      352948446777342160,
      112057951490965530,
      49102993379786030,
      11067620446152077,
      3020059748860757,
      368713790783119,
      49364028915554,
      5773524427893,
      1226931970341,
      274222856431
    ],
    "q_signs": [
      false,
      true,
      false,
      true,
      false,
      true,
      false,
      true,
      false,
      false,
      true,
      false
    ],
    "original_max_error": 2.0393375876892605e-10,
    "normalization_scale": 12.389600452582231
  }
}