{
  "ppf_central": {
    "p_magnitudes": [
      3149768420253117400,
      629066642359135600000,
      16967899171534703000000,
      40206829839131340000000,
      317985140319403760000000,
      268477636357400270000000,
      168422329089218700000000,
      21629704131823550000000,
      193032226834201400000000,
      38219211340184200000000,
      99812930913486470000000,
      58476190394549940000000,
      158888404694161630000000,
      144760892670281180000000,
      14764889158885430000000,
      49705977958957270000000,
      120579384255211290000000,
      72594072850240850000000
    ],
    "p_signs": [
      true,
      true,
      true,
      true,
      false,
      true,
      true,
      true,
      false,
      false,
      false,
      false,
      true,
      true,
      false,
      false,
      false,
      true
    ],
    "q_magnitudes": [
      1000000000000000000,
      269684345103724970000,
      10372185805823563000000,
      70892565052848530000000,
      76109909787066970000000,
      251007572919404350000000,
      280204102498749700000000,
      115608407221849100000000,
      246907944430908400000000,
      5073125714556985000000,
      201992042891743460000000,
      42553226331296690000000,
      14270211318970457000000,
      136995682139616900000000,
      109540618832453700000000,
      192188548614780200000000,
      194095325908778920000000,
      42221140016529350000000
    ],
    "q_signs": [
      false,
      false,
      false,
      false,
      true,
      true,
      false,
      true,
      false,
      true,
      true,
      false,
      true,
      true,
      false,
      false,
      true,
      false
    ],
    "normalization_scale": 1.0,
    "region": "central",
    "domain": [
      0.02,
      0.98
    ],
    "numerator_degree": 17,
    "denominator_degree": 17,
    "max_error": 3.106404022901188e-13,
    "mean_error": 7.261672234663494e-14
  },
  "ppf_tail": {
    "p_magnitudes": [
      2567643860925250000,
      831114984169109000,
      436399206269726300,
      315711266783981300,
      619836602935362600,
      137328578041246460
    ],
    "p_signs": [
      false,
      true,
      true,
      false,
      true,
      true
    ],
    "q_magnitudes": [
      1000000000000000000,
      1242465112096483600,
      188139865862538400,
      628912910895590900,
      137109655631473570,
      3362579729949
    ],
    "q_signs": [
      false,
      false,
      false,
      false,
      false,
      false
    ],
    "normalization_scale": 1.0,
    "region": "lower_tail",
    "p_domain": [
      1e-10,
      0.02
    ],
    "t_domain": [
      2.797149622536537,
      6.786140424415112
    ],
    "transform": "sqrt(-2*ln(p))",
    "numerator_degree": 5,
    "denominator_degree": 5,
    "max_error": 2.0250467969162855e-13,
    "mean_error": 6.037970123884406e-14
  },
  "upper_tail": {
    "region": "upper_tail",
    "method": "symmetry",
    "formula": "ppf(p) = -ppf(1-p) for p > 0.98"
  },
  "config": {
    "wad_scale": 1000000000000000000,
    "eps": 1e-10,
    "p_low": 0.02,
    "p_high": 0.98,
    "n_samples": 2000,
    "aaa_tolerance": 1e-12,
    "precision": "mpmath_50"
  }
}